{
  "duplicate_ratio": 0.29200000000000004,
  "exact_duplicate_ratio": 0.0,
  "least_similar_text_similarity": 0.9000054001808167,
  "original_size": 1000,
  "deduplicated_size": 708,
  "removed_count": 292
}